"","Bitcoin","Ethereum","Gold","Oil"
"Bitcoin",1,0.834594377520505,0.124083121497825,0.112469086290889
"Ethereum",0.834594377520505,1,0.124808216205897,0.0998916621579424
"Gold",0.124083121497825,0.124808216205897,1,0.137144877688216
"Oil",0.112469086290889,0.0998916621579424,0.137144877688216,1
