"","Bitcoin","Ethereum","Gold","Oil"
"Bitcoin",1,0.834594377520505,0.124083121497825,0.100710378792831
"Ethereum",0.834594377520505,1,0.124808216205897,0.0888268150638438
"Gold",0.124083121497825,0.124808216205897,1,0.140388547148538
"Oil",0.100710378792831,0.0888268150638438,0.140388547148538,1
